"id","name"
"__export__.handlbook_grouplist_1","Электрика"
"__export__.handlbook_grouplist_2","Мебель"
"__export__.handlbook_grouplist_3","Дети и подростки"
"__export__.handlbook_grouplist_4","Лег пром"
"__export__.handlbook_grouplist_5","Игрушки"
"__export__.handlbook_grouplist_6","Парфюмерка"
"__export__.handlbook_grouplist_7","Упаковка"
"__export__.handlbook_grouplist_8","Пищевка"
"__export__.handlbook_grouplist_9","Защита"
