<?xml version="1.0" encoding="UTF-8"?>
<openerp>
    <data>

      <record model="ir.actions.act_window" id="testwidget.form_act">
        <field name="name">Basic widget</field>
        <field name="res_model">testwidget.basic_model</field>
        <field name="view_mode">tree,form</field>
      </record>

        <record model="ir.ui.view" id="testwidget_form">
            <field name="name">testwidget_form</field>
            <field name="model">testwidget.basic_model</field>
            <field name="type">form</field>
            <field name="arch" type="xml">
                <form string="Test widget">
                  <sheet>
                    <h2>Here?</h2>
                    <group>
                        <field name="message" widget="testwidget"/>
                    </group>
                  </sheet>
                </form>
            </field>
        </record>

        <menuitem name="Test widget" id="testwidget.menu_root"/>
        <menuitem name="Test widget" id="testwidget.menu_form" parent="testwidget.menu_root" action="testwidget.form_act"/>

    </data>
</openerp>
